{
    "place Kleber": [
        48.58330625,
        7.74596296012742
    ],
    "Place de l'Etal": [
        48.57982,
        7.74996
    ],
    "Place Gutenberg": [
        48.5812419,
        7.7481206
    ],
    "Place du Château": [
        48.58132,
        7.75134
    ],
    "Place de la Bourse": [
        48.57571,
        7.7538
    ],
    "Parvis médiathèque André Malraux": [
        48.57441,
        7.75861
    ],
    "Parc de la Citadelle": [
        48.57576605,
        7.77492360506779
    ],
    "Place Broglie - METEOR'HITS": [
        48.58505345,
        7.75047449946923
    ],
    "Place Broglie": [
        48.58505345,
        7.75047449946923
    ],
    "Place de Zurich": [
        48.57976235,
        7.75661008760569
    ],
    "Place des Meuniers": [
        48.58176375,
        7.74213643641222
    ],
    "Place d'Austerlitz": [
        48.5779582,
        7.75341691944992
    ],
    "Place de l'Univesité": [
        48.5850564,
        7.7614968
    ],
    "Place Mathias Merian": [
        48.5824049,
        7.75425759438597
    ],
    "Parc de la Petite Orangerie": [
        48.60258815,
        7.78420284402085
    ],
    "Place Arnold": [
        48.5849933,
        7.7694437
    ],
    "Rue de la Grande Boucherie": [
        48.5801269,
        7.7508564
    ],
    "Place St-Etienne": [
        48.5832508,
        7.7549079
    ],
    "Place St-Nicolas aux ondes": [
        48.5814185,
        7.7624218
    ],
    "Parc de Palais du Rhin": [
        48.587623,
        7.752659
    ],
    "Place Ste-Madeleine": [
        48.5798309,
        7.75415014861588
    ]
}
